task,seed,tier,trial,reward,structure,block_color,block_ssim,edge_ssim,text_color
eval-apple-easy,apple,easy,bEeayFE,0.8024,0.8181,0.9801,0.4049,0.8741,0.9342
eval-apple-easy,apple,easy,hLTp7h5,0.7837,0.7738,0.9752,0.4039,0.8713,0.9258
eval-apple-easy,apple,easy,vcMmzSL,0.8011,0.7702,0.9836,0.4772,0.8707,0.9456
eval-grape-easy,grape,easy,PqjMELD,0.769,0.8019,0.9244,0.3713,0.829,0.8946
eval-grape-easy,grape,easy,btgrhYz,0.77,0.798,0.948,0.3626,0.8226,0.9083
eval-grape-easy,grape,easy,xnTnRPT,0.7438,0.7339,0.9247,0.3914,0.827,0.8738
eval-lemon-easy,lemon,easy,fQ5t5GX,0.7984,0.7268,0.9518,0.673,0.882,0.8681
eval-lemon-easy,lemon,easy,tKHFWJY,0.7794,0.7174,0.9542,0.5634,0.8789,0.8838
eval-lemon-easy,lemon,easy,vczhDw6,0.775,0.6904,0.9469,0.5955,0.8919,0.8974
eval-pear-easy,pear,easy,6gDFm3i,0.7889,0.8105,0.9639,0.3741,0.8611,0.9436
eval-pear-easy,pear,easy,S3vBJJu,0.8122,0.8279,0.9609,0.4585,0.8646,0.9283
eval-pear-easy,pear,easy,ubEPKea,0.8245,0.8212,0.9706,0.5213,0.8692,0.932
eval-apricot-easy,apricot,easy,3bdWxpA,0.7177,0.777,0.9483,0.2862,0.729,0.887
eval-apricot-easy,apricot,easy,MDgTPMA,0.7567,0.7344,0.9473,0.4857,0.7394,0.8794
eval-apricot-easy,apricot,easy,S2gD8NM,0.7262,0.7778,0.9469,0.2882,0.7461,0.8645
eval-guava-easy,guava,easy,4zA4cRk,0.7927,0.8021,0.9679,0.552,0.641,0.9189
eval-guava-easy,guava,easy,5PcgYK8,0.7588,0.7729,0.9615,0.4031,0.7104,0.9169
eval-guava-easy,guava,easy,8r6PDVb,0.7688,0.7919,0.9701,0.4381,0.65,0.9191
eval-banana-medium,banana,medium,HG9fSsM,0.7575,0.7726,0.9387,0.4613,0.6872,0.8515
eval-banana-medium,banana,medium,pqnFpmJ,0.7638,0.8036,0.9332,0.4385,0.6909,0.8601
eval-banana-medium,banana,medium,zrekWgg,0.7775,0.812,0.9371,0.4828,0.6903,0.8589
eval-peach-medium,peach,medium,DinRLdv,0.8001,0.8276,0.9366,0.4978,0.7586,0.8998
eval-peach-medium,peach,medium,sEF7P3a,0.7957,0.8174,0.9496,0.4774,0.7504,0.9162
eval-peach-medium,peach,medium,uV6FDkp,0.7912,0.8137,0.9534,0.4575,0.7516,0.9189
eval-plum-medium,plum,medium,Bm7c2bb,0.7455,0.8224,0.9482,0.2826,0.7361,0.9066
eval-plum-medium,plum,medium,MqqWQjk,0.7657,0.8276,0.9498,0.3469,0.733,0.8933
eval-plum-medium,plum,medium,rWF8v8a,0.7686,0.8465,0.9518,0.3345,0.7246,0.9011
eval-lime-medium,lime,medium,BCSmM74,0.7612,0.7382,0.9584,0.4216,0.8174,0.9069
eval-lime-medium,lime,medium,aCY3PzU,0.7763,0.7883,0.9618,0.3947,0.8157,0.9138
eval-lime-medium,lime,medium,vXYAPpR,0.7858,0.8127,0.9613,0.3911,0.8136,0.9269
eval-mango-medium,mango,medium,MU4Eepk,0.7651,0.84,0.95,0.4553,0.5314,0.8937
eval-mango-medium,mango,medium,TySHocu,0.719,0.8137,0.9395,0.2985,0.5565,0.8806
eval-mango-medium,mango,medium,XJJitsD,0.737,0.8403,0.9455,0.323,0.567,0.9006
eval-papaya-medium,papaya,medium,dKrdYBJ,0.7809,0.8245,0.9554,0.4152,0.7364,0.8881
eval-papaya-medium,papaya,medium,emXiCzJ,0.7646,0.7907,0.9551,0.3923,0.7402,0.9041
eval-papaya-medium,papaya,medium,z2UQYD2,0.7805,0.8173,0.9624,0.3984,0.7581,0.917
eval-coconut-medium,coconut,medium,C5wRgYD,0.7275,0.7399,0.9645,0.317,0.7492,0.8834
eval-coconut-medium,coconut,medium,wr4uTmG,0.7443,0.7772,0.9703,0.3205,0.7495,0.9042
eval-coconut-medium,coconut,medium,xQyCuXW,0.7588,0.7921,0.971,0.3459,0.7558,0.9029
eval-cherry-hard,cherry,hard,2pr8SEK,0.7499,0.8137,0.9224,0.4384,0.5556,0.8846
eval-cherry-hard,cherry,hard,dw9PMEG,0.7506,0.846,0.9247,0.396,0.5602,0.8646
eval-cherry-hard,cherry,hard,kmXCqyL,0.7494,0.811,0.9139,0.4516,0.5481,0.8941
eval-melon-hard,melon,hard,L6A9hFG,0.74,0.8279,0.9371,0.324,0.6157,0.8765
eval-melon-hard,melon,hard,fUKGjz6,0.7574,0.8379,0.9467,0.3699,0.6125,0.9045
eval-melon-hard,melon,hard,xZc2QgG,0.7732,0.88,0.9295,0.3678,0.6405,0.8991
eval-fig-hard,fig,hard,2WeYjSk,0.7868,0.8874,0.9203,0.4739,0.5865,0.8647
eval-fig-hard,fig,hard,FHsuotw,0.7414,0.7878,0.9141,0.4209,0.6465,0.8247
eval-fig-hard,fig,hard,mA9oJkt,0.7963,0.8786,0.9113,0.5139,0.6404,0.862
eval-kiwi-hard,kiwi,hard,m4szguT,0.718,0.764,0.9503,0.3781,0.5175,0.8972
eval-kiwi-hard,kiwi,hard,x3FJmF2,0.7062,0.7423,0.9117,0.402,0.5147,0.8758
eval-pomegranate-hard,pomegranate,hard,5YdTPh2,0.7612,0.8583,0.949,0.3782,0.5543,0.9299
eval-pomegranate-hard,pomegranate,hard,Jnaey3f,0.765,0.8661,0.9342,0.4306,0.5237,0.8953
eval-pomegranate-hard,pomegranate,hard,x5qDhma,0.7694,0.8375,0.9634,0.4594,0.523,0.9211
eval-pineapple-hard,pineapple,hard,HotNe5G,0.7601,0.8331,0.947,0.4393,0.5892,0.8157
eval-pineapple-hard,pineapple,hard,NzqQwzz,0.7579,0.8219,0.9574,0.4029,0.5986,0.8841
eval-pineapple-hard,pineapple,hard,mTeLViz,0.7685,0.8416,0.9355,0.4663,0.6029,0.8279
eval-raspberry-hard,raspberry,hard,gTRC6WK,0.7734,0.7906,0.9584,0.4394,0.7313,0.8752
eval-raspberry-hard,raspberry,hard,hUxPvYc,0.7769,0.8134,0.9646,0.4086,0.7381,0.881
eval-raspberry-hard,raspberry,hard,nZgr4Re,0.7837,0.8202,0.9585,0.4202,0.7433,0.8919
eval-blueberry-hard,blueberry,hard,5pDsqNo,0.7362,0.8392,0.8424,0.3796,0.6774,0.7842
eval-blueberry-hard,blueberry,hard,By665vo,0.7562,0.8238,0.8616,0.4685,0.6748,0.8069
eval-blueberry-hard,blueberry,hard,UVqsVji,0.7319,0.8264,0.8668,0.3476,0.6614,0.8438
